battery_id,cycle,SOH,capacity_Ah
B0001,1,1.0,2.0
B0001,2,1.0,2.0
B0001,3,1.0,2.0
B0001,4,0.9903709305462856,1.980741861092571
B0001,5,0.9842999575289406,1.9685999150578812
B0001,6,0.9867998072953382,1.9735996145906765
B0001,7,0.9895193706735996,1.9790387413471993
B0001,8,0.970879259181082,1.941758518362164
B0001,9,0.9838994380963267,1.9677988761926535
B0001,10,0.9748309215518812,1.9496618431037624
B0001,11,0.9767001775825785,1.953400355165157
B0001,12,0.9763161887244086,1.9526323774488172
B0001,13,0.9762600342007276,1.9525200684014552
B0001,14,0.9797802192291049,1.9595604384582097
B0001,15,0.9826559297310969,1.9653118594621939
B0001,16,0.9728379001764801,1.9456758003529602
B0001,17,0.9818965566959236,1.9637931133918471
B0001,18,0.9660703104444613,1.9321406208889227
B0001,19,0.9718188632637373,1.9436377265274747
B0001,20,0.974315752615724,1.948631505231448
B0001,21,0.967223236333102,1.934446472666204
B0001,22,0.9599618757754068,1.9199237515508136
B0001,23,0.9573872614302181,1.9147745228604363
B0001,24,0.9593775213158546,1.9187550426317093
B0001,25,0.9629048489134568,1.9258096978269137
B0001,26,0.9529756828893307,1.9059513657786613
B0001,27,0.9574161052174404,1.9148322104348807
B0001,28,0.9565752896279709,1.9131505792559418
B0001,29,0.9603494206504545,1.920698841300909
B0001,30,0.9568916465901723,1.9137832931803447
B0001,31,0.9567522048810834,1.9135044097621667
B0001,32,0.9485052232898796,1.8970104465797593
B0001,33,0.9511112154287745,1.902222430857549
B0001,34,0.9564851714149394,1.9129703428298788
B0001,35,0.9604323911521798,1.9208647823043596
B0001,36,0.9399312517405604,1.8798625034811207
B0001,37,0.9584894537947342,1.9169789075894683
B0001,38,0.9562789063525781,1.9125578127051561
B0001,39,0.9512794657995769,1.9025589315991538
B0001,40,0.9466295751743309,1.8932591503486618
B0001,41,0.9415568000612147,1.8831136001224293
B0001,42,0.9531035387410058,1.9062070774820117
B0001,43,0.9556888867447663,1.9113777734895325
B0001,44,0.9536146634291521,1.9072293268583043
B0001,45,0.9492331665880587,1.8984663331761173
B0001,46,0.9415314515419849,1.8830629030839698
B0001,47,0.9295425345021493,1.8590850690042986
B0001,48,0.9371328903298788,1.8742657806597576
B0001,49,0.9408948538769035,1.881789707753807
B0001,50,0.9262513780983221,1.8525027561966443
B0001,51,0.9372543518136581,1.8745087036273163
B0001,52,0.9366138718167725,1.873227743633545
B0001,53,0.9376156300409563,1.8752312600819125
B0001,54,0.9234571183241796,1.8469142366483593
B0001,55,0.926282287759587,1.852564575519174
B0001,56,0.9270136675457505,1.854027335091501
B0001,57,0.9209767071989831,1.8419534143979661
B0001,58,0.9406846466694454,1.8813692933388908
B0001,59,0.9240453307857566,1.8480906615715131
B0001,60,0.9290351734595694,1.8580703469191389
B0001,61,0.9240491307531723,1.8480982615063446
B0001,62,0.9362359934521354,1.8724719869042707
B0001,63,0.9335514690276303,1.8671029380552606
B0001,64,0.9278757539405226,1.8557515078810451
B0001,65,0.9070124508730202,1.8140249017460404
B0001,66,0.922137714716644,1.844275429433288
B0001,67,0.9257917731638543,1.8515835463277086
B0001,68,0.9272490604740874,1.8544981209481748
B0001,69,0.9149858953192087,1.8299717906384174
B0001,70,0.9314280267387475,1.862856053477495
B0001,71,0.9084263899506664,1.8168527799013328
B0001,72,0.9122894238147248,1.8245788476294496
B0001,73,0.9227813113641962,1.8455626227283923
B0001,74,0.9157332640661414,1.8314665281322828
B0001,75,0.928751637434132,1.857503274868264
B0001,76,0.9151521650446659,1.8303043300893318
B0001,77,0.9085661406959289,1.8171322813918578
B0001,78,0.9095954109039549,1.8191908218079098
B0001,79,0.9037781972719064,1.807556394543813
B0001,80,0.9016875276483288,1.8033750552966576
B0001,81,0.9144003734066349,1.8288007468132699
B0001,82,0.9132840652237608,1.8265681304475216
B0001,83,0.9175588370873042,1.8351176741746085
B0001,84,0.9023143455075772,1.8046286910151543
B0001,85,0.918819980511044,1.837639961022088
B0001,86,0.9040926823756069,1.8081853647512138
B0001,87,0.9164898502681452,1.8329797005362904
B0001,88,0.9015490718559881,1.8030981437119762
B0001,89,0.8986545087116274,1.7973090174232549
B0001,90,0.9048627585931059,1.8097255171862119
B0001,91,0.9096338363226184,1.8192676726452368
B0001,92,0.9027320134314362,1.8054640268628723
B0001,93,0.8967072010511691,1.7934144021023382
B0001,94,0.8906191255986059,1.7812382511972118
B0001,95,0.8894462946049011,1.7788925892098022
B0001,96,0.9021566695058287,1.8043133390116575
B0001,97,0.904854100728798,1.809708201457596
B0001,98,0.8959566456286592,1.7919132912573184
B0001,99,0.8887841679456456,1.7775683358912913
B0001,100,0.901804827348499,1.803609654696998
B0001,101,0.8858486585068415,1.771697317013683
B0001,102,0.8891194901163736,1.7782389802327472
B0001,103,0.897809631881944,1.795619263763888
B0001,104,0.8767851240789729,1.7535702481579458
B0001,105,0.8946808091370932,1.7893616182741865
B0001,106,0.887106721921232,1.774213443842464
B0001,107,0.8912562417527189,1.7825124835054378
B0001,108,0.8892173291847408,1.7784346583694817
B0001,109,0.8904496806226725,1.780899361245345
B0001,110,0.8931968962041719,1.7863937924083437
B0001,111,0.8822038299809238,1.7644076599618477
B0001,112,0.8968759202767592,1.7937518405535184
B0001,113,0.8912385264372655,1.782477052874531
B0001,114,0.8913436237979487,1.7826872475958975
B0001,115,0.8928875444300585,1.785775088860117
B0001,116,0.8894971351415165,1.778994270283033
B0001,117,0.8891727163189265,1.778345432637853
B0001,118,0.8830195636126179,1.7660391272252358
B0001,119,0.8716813606282775,1.743362721256555
B0001,120,0.8800880312877022,1.7601760625754044
B0001,121,0.8748843055208935,1.749768611041787
B0001,122,0.8695488183880562,1.7390976367761124
B0001,123,0.880709950748733,1.761419901497466
B0001,124,0.8741480497730701,1.7482960995461403
B0001,125,0.870171404144839,1.740342808289678
B0001,126,0.8693616438963314,1.7387232877926628
B0001,127,0.8779128162573155,1.755825632514631
B0001,128,0.8778355509923481,1.7556711019846962
B0001,129,0.8839316833426946,1.7678633666853891
B0001,130,0.8737748096799421,1.7475496193598843
B0001,131,0.8805222511426107,1.7610445022852215
B0001,132,0.8823569530684877,1.7647139061369754
B0001,133,0.8798640389088676,1.759728077817735
B0001,134,0.8543116930099889,1.7086233860199778
B0001,135,0.87899795160852,1.75799590321704
B0001,136,0.8720060727201883,1.7440121454403765
B0001,137,0.8718919454903202,1.7437838909806405
B0001,138,0.8708125485327374,1.7416250970654747
B0001,139,0.8701865808754301,1.7403731617508602
B0001,140,0.8690321940217317,1.7380643880434634
B0001,141,0.8635327630446947,1.7270655260893895
B0001,142,0.8519258658783188,1.7038517317566375
B0001,143,0.8638890217509475,1.727778043501895
B0001,144,0.858275003245686,1.716550006491372
B0001,145,0.8708837088389206,1.7417674176778413
B0001,146,0.8605074424862543,1.7210148849725087
B0001,147,0.8624355371094695,1.724871074218939
B0001,148,0.8551403861181174,1.7102807722362348
B0001,149,0.8568347149126193,1.7136694298252386
B0001,150,0.8596610284697589,1.7193220569395178
B0002,1,0.9919143687147345,1.983828737429469
B0002,2,0.9944652746689129,1.9889305493378258
B0002,3,0.9981203604808558,1.9962407209617117
B0002,4,0.9878393254283545,1.975678650856709
B0002,5,0.9852972625184545,1.970594525036909
B0002,6,0.9883951087517029,1.9767902175034058
B0002,7,0.9859590148224642,1.9719180296449283
B0002,8,0.9830480638862256,1.9660961277724511
B0002,9,0.9766621149132297,1.9533242298264595
B0002,10,0.9790473055475781,1.9580946110951563
B0002,11,0.9806872025676874,1.9613744051353748
B0002,12,0.9699336917938503,1.9398673835877005
B0002,13,0.9723948833764731,1.9447897667529461
B0002,14,0.9644106151764691,1.9288212303529382
B0002,15,0.9657170557401282,1.9314341114802565
B0002,16,0.9618231443084861,1.9236462886169723
B0002,17,0.967681910496371,1.935363820992742
B0002,18,0.9616971998161725,1.923394399632345
B0002,19,0.9673168549817489,1.9346337099634978
B0002,20,0.9655263683745502,1.9310527367491004
B0002,21,0.9627335734966219,1.9254671469932438
B0002,22,0.9510290938292096,1.9020581876584193
B0002,23,0.9587399182421689,1.9174798364843377
B0002,24,0.9597789024153502,1.9195578048307005
B0002,25,0.9593634415928542,1.9187268831857085
B0002,26,0.9508451624503315,1.901690324900663
B0002,27,0.9544815220769076,1.9089630441538152
B0002,28,0.9511475051247587,1.9022950102495173
B0002,29,0.950850107181409,1.901700214362818
B0002,30,0.958222432975089,1.916444865950178
B0002,31,0.9487870285764974,1.8975740571529949
B0002,32,0.9512655902989313,1.9025311805978626
B0002,33,0.954398241395067,1.908796482790134
B0002,34,0.9468114905811263,1.8936229811622527
B0002,35,0.9479697449952574,1.8959394899905149
B0002,36,0.948017181843871,1.896034363687742
B0002,37,0.9468670933508133,1.8937341867016266
B0002,38,0.9401381557219494,1.8802763114438987
B0002,39,0.9450778046185154,1.8901556092370309
B0002,40,0.9499448431649961,1.8998896863299921
B0002,41,0.9359696426945198,1.8719392853890395
B0002,42,0.9459147530276525,1.891829506055305
B0002,43,0.9417069263121506,1.8834138526243012
B0002,44,0.9374142251159596,1.8748284502319192
B0002,45,0.94844484459431,1.89688968918862
B0002,46,0.9420199212551806,1.8840398425103613
B0002,47,0.9323466249933191,1.8646932499866382
B0002,48,0.9372422340419923,1.8744844680839845
B0002,49,0.9386716335048776,1.8773432670097552
B0002,50,0.9344020210926824,1.8688040421853649
B0002,51,0.9375071405556242,1.8750142811112485
B0002,52,0.933321708431455,1.86664341686291
B0002,53,0.935817431329454,1.871634862658908
B0002,54,0.9384872712699264,1.8769745425398527
B0002,55,0.9281751814003745,1.856350362800749
B0002,56,0.9313388160927472,1.8626776321854943
B0002,57,0.9275521291544574,1.8551042583089148
B0002,58,0.9294274482901985,1.858854896580397
B0002,59,0.9227326671554354,1.845465334310871
B0002,60,0.9246940528584666,1.8493881057169332
B0002,61,0.9256474943767637,1.8512949887535275
B0002,62,0.9298084854019345,1.859616970803869
B0002,63,0.9301539640822634,1.8603079281645267
B0002,64,0.9182820461396746,1.8365640922793491
B0002,65,0.919905129515216,1.839810259030432
B0002,66,0.9256389554551073,1.8512779109102147
B0002,67,0.913008359054337,1.826016718108674
B0002,68,0.9191425645169573,1.8382851290339146
B0002,69,0.9200432906865336,1.8400865813730671
B0002,70,0.9253952519921902,1.8507905039843804
B0002,71,0.9220994294826487,1.8441988589652973
B0002,72,0.9167850281625869,1.8335700563251738
B0002,73,0.9158623124641252,1.8317246249282504
B0002,74,0.9156607112440115,1.831321422488023
B0002,75,0.922911589091766,1.845823178183532
B0002,76,0.9133975864524171,1.8267951729048342
B0002,77,0.9132287515534855,1.826457503106971
B0002,78,0.9154558455325907,1.8309116910651815
B0002,79,0.9126004261407351,1.8252008522814702
B0002,80,0.9115328338876745,1.823065667775349
B0002,81,0.9066849619612675,1.813369923922535
B0002,82,0.9109273195170914,1.8218546390341828
B0002,83,0.9082641935589412,1.8165283871178823
B0002,84,0.9147921892213352,1.8295843784426704
B0002,85,0.9117674679663267,1.8235349359326534
B0002,86,0.9080051107843536,1.8160102215687073
B0002,87,0.9104091218357074,1.8208182436714149
B0002,88,0.9051595123232702,1.8103190246465404
B0002,89,0.9107142497307587,1.8214284994615173
B0002,90,0.9052453066767314,1.8104906133534628
B0002,91,0.9071872862475818,1.8143745724951637
B0002,92,0.8980445938515236,1.7960891877030472
B0002,93,0.9047092438864603,1.8094184877729207
B0002,94,0.894845854108518,1.789691708217036
B0002,95,0.8925798278798933,1.7851596557597866
B0002,96,0.8996674412973366,1.7993348825946731
B0002,97,0.8962857480061787,1.7925714960123573
B0002,98,0.9003738399670461,1.8007476799340922
B0002,99,0.9090389748585878,1.8180779497171755
B0002,100,0.8944934156751191,1.7889868313502382
B0002,101,0.894730653604661,1.789461307209322
B0002,102,0.897766343391608,1.795532686783216
B0002,103,0.8983646214687121,1.7967292429374242
B0002,104,0.8946563174038525,1.789312634807705
B0002,105,0.8938288990929676,1.7876577981859352
B0002,106,0.8972236993431427,1.7944473986862854
B0002,107,0.8957091184127092,1.7914182368254183
B0002,108,0.8880245510538091,1.7760491021076181
B0002,109,0.8916291863756909,1.7832583727513818
B0002,110,0.8914537582303416,1.7829075164606831
B0002,111,0.88585899168247,1.77171798336494
B0002,112,0.8910853818563044,1.7821707637126087
B0002,113,0.8853659315034682,1.7707318630069364
B0002,114,0.8929148244104193,1.7858296488208385
B0002,115,0.8887201978944063,1.7774403957888125
B0002,116,0.8875682879738147,1.7751365759476294
B0002,117,0.8838205485600842,1.7676410971201684
B0002,118,0.8852618287001307,1.7705236574002614
B0002,119,0.8761198190789105,1.752239638157821
B0002,120,0.8793353861014329,1.7586707722028658
B0002,121,0.8853777110653205,1.770755422130641
B0002,122,0.873481919689363,1.746963839378726
B0002,123,0.8861909285187458,1.7723818570374916
B0002,124,0.8738404736242317,1.7476809472484633
B0002,125,0.8844248072886026,1.7688496145772052
B0002,126,0.8765335270401308,1.7530670540802615
B0002,127,0.8831657970799347,1.7663315941598694
B0002,128,0.8795704076678255,1.759140815335651
B0002,129,0.8713859132833792,1.7427718265667584
B0002,130,0.8832476826022634,1.7664953652045268
B0002,131,0.8834374739607194,1.7668749479214387
B0002,132,0.8759761225967764,1.7519522451935527
B0002,133,0.87436373858557,1.74872747717114
B0002,134,0.8742019255213708,1.7484038510427415
B0002,135,0.8698579102505622,1.7397158205011245
B0002,136,0.8785174799618151,1.7570349599236301
B0002,137,0.8704560504783326,1.7409121009566653
B0002,138,0.871996272098166,1.743992544196332
B0002,139,0.8679838976958572,1.7359677953917143
B0002,140,0.8680648218926582,1.7361296437853164
B0002,141,0.8644606841734963,1.7289213683469926
B0002,142,0.8751987604909952,1.7503975209819904
B0002,143,0.8681773279006622,1.7363546558013243
B0002,144,0.8725487977071948,1.7450975954143897
B0002,145,0.8675923646394746,1.7351847292789493
B0002,146,0.8637385913367539,1.7274771826735078
B0002,147,0.8647257650179251,1.7294515300358502
B0002,148,0.8630072926148575,1.726014585229715
B0002,149,0.8648978387107977,1.7297956774215955
B0002,150,0.8625067597445605,1.725013519489121
B0003,1,1.0,2.0
B0003,2,0.9948566081761043,1.9897132163522087
B0003,3,0.9957357160779027,1.9914714321558054
B0003,4,0.9968942555760854,1.9937885111521707
B0003,5,0.9831250376091186,1.9662500752182372
B0003,6,1.0,2.0
B0003,7,0.9794699415443239,1.9589398830886477
B0003,8,0.9854786036520594,1.9709572073041188
B0003,9,0.9984670465947774,1.9969340931895547
B0003,10,0.9791104350042634,1.9582208700085268
B0003,11,0.9789341188240408,1.9578682376480816
B0003,12,0.9734991027823453,1.9469982055646906
B0003,13,0.9772471412222916,1.9544942824445832
B0003,14,0.9605068627520303,1.9210137255040607
B0003,15,0.968265467162067,1.936530934324134
B0003,16,0.9814039625406392,1.9628079250812784
B0003,17,0.9708441776214277,1.9416883552428554
B0003,18,0.966715245048501,1.933430490097002
B0003,19,0.9692263165678335,1.938452633135667
B0003,20,0.968217259681095,1.93643451936219
B0003,21,0.9653464347834523,1.9306928695669046
B0003,22,0.966776448865203,1.933552897730406
B0003,23,0.9516910438477748,1.9033820876955496
B0003,24,0.9644889244277247,1.9289778488554494
B0003,25,0.9554870915783411,1.9109741831566822
B0003,26,0.963411844034351,1.926823688068702
B0003,27,0.9572881172812492,1.9145762345624984
B0003,28,0.9501268928560672,1.9002537857121344
B0003,29,0.9547926379456121,1.9095852758912242
B0003,30,0.9479228777314254,1.8958457554628507
B0003,31,0.9594061714541003,1.9188123429082007
B0003,32,0.9519034581991686,1.903806916398337
B0003,33,0.9563485933296335,1.912697186659267
B0003,34,0.943117685694152,1.886235371388304
B0003,35,0.9590850453185185,1.918170090637037
B0003,36,0.9461714323734763,1.8923428647469527
B0003,37,0.9555294338643353,1.9110588677286706
B0003,38,0.9513815579696232,1.9027631159392464
B0003,39,0.9382814178106791,1.8765628356213582
B0003,40,0.9461621305852611,1.8923242611705222
B0003,41,0.9398393242339877,1.8796786484679755
B0003,42,0.9448037861896874,1.8896075723793748
B0003,43,0.9502176580840499,1.9004353161680998
B0003,44,0.9446714763547157,1.8893429527094314
B0003,45,0.9461018846874829,1.8922037693749658
B0003,46,0.931284468459777,1.862568936919554
B0003,47,0.9389094771812105,1.877818954362421
B0003,48,0.938965230227614,1.877930460455228
B0003,49,0.9425928167874383,1.8851856335748767
B0003,50,0.9310924819667135,1.862184963933427
B0003,51,0.9375741228993966,1.8751482457987931
B0003,52,0.9358205458505275,1.871641091701055
B0003,53,0.9228092338080324,1.8456184676160647
B0003,54,0.9249357299339028,1.8498714598678057
B0003,55,0.9332711383978323,1.8665422767956645
B0003,56,0.9223345584899146,1.8446691169798293
B0003,57,0.9211510756182867,1.8423021512365734
B0003,58,0.9334545056412654,1.8669090112825308
B0003,59,0.9288055194310485,1.857611038862097
B0003,60,0.924711405787204,1.849422811574408
B0003,61,0.925966135687107,1.851932271374214
B0003,62,0.921943652771771,1.843887305543542
B0003,63,0.9202673028440606,1.840534605688121
B0003,64,0.9198888655082129,1.8397777310164258
B0003,65,0.9242936426112327,1.8485872852224654
B0003,66,0.9292503989743744,1.858500797948749
B0003,67,0.917281956520176,1.834563913040352
B0003,68,0.9189337201141401,1.8378674402282802
B0003,69,0.9171630653855734,1.8343261307711467
B0003,70,0.9098571454994384,1.8197142909988768
B0003,71,0.9184028474900761,1.8368056949801521
B0003,72,0.921382019054914,1.842764038109828
B0003,73,0.9099307919057705,1.819861583811541
B0003,74,0.9195042847427415,1.839008569485483
B0003,75,0.9099533965896449,1.8199067931792898
B0003,76,0.9198165196150428,1.8396330392300857
B0003,77,0.9193880357984076,1.838776071596815
B0003,78,0.9086362443306267,1.8172724886612535
B0003,79,0.8977683029945112,1.7955366059890223
B0003,80,0.9072022801218623,1.8144045602437247
B0003,81,0.8999034953527301,1.7998069907054601
B0003,82,0.8995554900885214,1.7991109801770429
B0003,83,0.9053246914304831,1.8106493828609662
B0003,84,0.9145172655444124,1.8290345310888247
B0003,85,0.9046826127726467,1.8093652255452934
B0003,86,0.9030733128962002,1.8061466257924004
B0003,87,0.8921338323949294,1.7842676647898588
B0003,88,0.8990411789032875,1.798082357806575
B0003,89,0.8933295040424387,1.7866590080848774
B0003,90,0.9044037566865758,1.8088075133731516
B0003,91,0.8970827840337618,1.7941655680675237
B0003,92,0.8992769325922689,1.7985538651845379
B0003,93,0.8986347984619865,1.797269596923973
B0003,94,0.8967630522527039,1.7935261045054078
B0003,95,0.9030316174784607,1.8060632349569214
B0003,96,0.8993325937666969,1.7986651875333939
B0003,97,0.8935202404850355,1.787040480970071
B0003,98,0.895652012976809,1.791304025953618
B0003,99,0.8973230854693786,1.7946461709387571
B0003,100,0.9015990305514062,1.8031980611028124
B0003,101,0.8930897287202423,1.7861794574404846
B0003,102,0.9004658511657554,1.8009317023315108
B0003,103,0.8869912589978345,1.773982517995669
B0003,104,0.8884265849223115,1.776853169844623
B0003,105,0.8798470642853827,1.7596941285707655
B0003,106,0.8933791711217686,1.7867583422435371
B0003,107,0.8810703119030449,1.7621406238060897
B0003,108,0.8802733029198894,1.7605466058397787
B0003,109,0.891110803543039,1.782221607086078
B0003,110,0.8817819689577528,1.7635639379155057
B0003,111,0.8796181666180614,1.7592363332361227
B0003,112,0.8894128618180346,1.7788257236360692
B0003,113,0.8815598651078937,1.7631197302157875
B0003,114,0.8876227165738854,1.7752454331477707
B0003,115,0.8786188545562155,1.757237709112431
B0003,116,0.8848366035353107,1.7696732070706214
B0003,117,0.8862296580473713,1.7724593160947426
B0003,118,0.8792562174674764,1.7585124349349528
B0003,119,0.8891217328478209,1.7782434656956418
B0003,120,0.8747087773116711,1.7494175546233421
B0003,121,0.8750654535580996,1.7501309071161992
B0003,122,0.8760850612145659,1.7521701224291317
B0003,123,0.8810468917771171,1.7620937835542343
B0003,124,0.8722354069868206,1.7444708139736411
B0003,125,0.8705257145581048,1.7410514291162096
B0003,126,0.8740261097148724,1.7480522194297448
B0003,127,0.8794250917576304,1.7588501835152608
B0003,128,0.8682996232727027,1.7365992465454054
B0003,129,0.8621732057650453,1.7243464115300906
B0003,130,0.8685096423061578,1.7370192846123156
B0003,131,0.8724126618377681,1.7448253236755362
B0003,132,0.86439249453063,1.72878498906126
B0003,133,0.8677534066336032,1.7355068132672065
B0003,134,0.8546038165827927,1.7092076331655854
B0003,135,0.8655582166857783,1.7311164333715565
B0003,136,0.8652868269224638,1.7305736538449277
B0003,137,0.867736497761046,1.735472995522092
B0003,138,0.8650168843813015,1.730033768762603
B0003,139,0.8671126006203198,1.7342252012406396
B0003,140,0.8553766721324129,1.7107533442648257
B0003,141,0.8648730519610053,1.7297461039220106
B0003,142,0.8497535077633949,1.6995070155267897
B0003,143,0.8555257194801751,1.7110514389603502
B0003,144,0.8653224184921757,1.7306448369843515
B0003,145,0.8629711326645971,1.7259422653291943
B0003,146,0.8454173658452528,1.6908347316905057
B0003,147,0.8598010935550406,1.7196021871100813
B0003,148,0.8527066818972154,1.7054133637944309
B0003,149,0.8497844202595851,1.6995688405191702
B0003,150,0.8551144702822857,1.7102289405645714
B0004,1,0.9882439694997568,1.9764879389995136
B0004,2,0.9867715955632625,1.973543191126525
B0004,3,0.9836293228541028,1.9672586457082055
B0004,4,0.9875287074029402,1.9750574148058804
B0004,5,0.9926799439069445,1.985359887813889
B0004,6,0.9898162918847984,1.9796325837695967
B0004,7,0.9888523682115844,1.9777047364231688
B0004,8,0.973225543137442,1.946451086274884
B0004,9,0.9727441953794477,1.9454883907588953
B0004,10,0.9907546715462523,1.9815093430925046
B0004,11,0.9859617778423984,1.9719235556847967
B0004,12,0.9922641308623609,1.9845282617247217
B0004,13,0.98512666473125,1.9702533294625
B0004,14,0.9702523345250471,1.9405046690500942
B0004,15,0.9833597930314907,1.9667195860629814
B0004,16,0.9782323442710279,1.9564646885420558
B0004,17,0.9746212418369176,1.9492424836738351
B0004,18,0.9672063430909333,1.9344126861818667
B0004,19,0.9712384262273993,1.9424768524547986
B0004,20,0.9693035080979445,1.938607016195889
B0004,21,0.9747033704789252,1.9494067409578504
B0004,22,0.9689958214821507,1.9379916429643014
B0004,23,0.9770151916175392,1.9540303832350785
B0004,24,0.9615455116878115,1.923091023375623
B0004,25,0.9682721806010924,1.9365443612021849
B0004,26,0.967518013399201,1.935036026798402
B0004,27,0.9582174729459644,1.9164349458919288
B0004,28,0.9553673827399929,1.9107347654799858
B0004,29,0.9679854407394155,1.935970881478831
B0004,30,0.9640556397102364,1.928111279420473
B0004,31,0.9590056355684922,1.9180112711369843
B0004,32,0.9615769196086138,1.9231538392172276
B0004,33,0.9541489308047663,1.9082978616095325
B0004,34,0.9589355962403348,1.9178711924806695
B0004,35,0.9529186676820528,1.9058373353641056
B0004,36,0.9569864364737458,1.9139728729474916
B0004,37,0.9610835935620283,1.9221671871240567
B0004,38,0.9521248108390733,1.9042496216781466
B0004,39,0.9586509259121995,1.917301851824399
B0004,40,0.9462723895360211,1.8925447790720422
B0004,41,0.9500830926109921,1.9001661852219842
B0004,42,0.9426892531293904,1.885378506258781
B0004,43,0.9497040372194091,1.8994080744388182
B0004,44,0.9500492036382088,1.9000984072764175
B0004,45,0.9475997740181021,1.8951995480362043
B0004,46,0.9464209327326344,1.8928418654652688
B0004,47,0.9555753076405465,1.911150615281093
B0004,48,0.9553555219715255,1.910711043943051
B0004,49,0.938384772480206,1.876769544960412
B0004,50,0.9523665254490064,1.9047330508980127
B0004,51,0.9338197288226371,1.8676394576452742
B0004,52,0.939189092523423,1.878378185046846
B0004,53,0.9419320440641104,1.8838640881282207
B0004,54,0.942977781872588,1.885955563745176
B0004,55,0.9351482707435933,1.8702965414871866
B0004,56,0.9364512199183416,1.8729024398366831
B0004,57,0.9406759829203873,1.8813519658407747
B0004,58,0.9352483667238997,1.8704967334477993
B0004,59,0.9348844853702102,1.8697689707404204
B0004,60,0.9422483566566221,1.8844967133132442
B0004,61,0.9432035657381119,1.8864071314762239
B0004,62,0.936425574825765,1.87285114965153
B0004,63,0.9362352450878009,1.8724704901756017
B0004,64,0.9353338471558043,1.8706676943116085
B0004,65,0.9319918409895968,1.8639836819791935
B0004,66,0.9309786296430603,1.8619572592861207
B0004,67,0.9270793813136031,1.8541587626272062
B0004,68,0.9367974569578996,1.8735949139157992
B0004,69,0.9316345486130981,1.8632690972261963
B0004,70,0.9306540291389468,1.8613080582778936
B0004,71,0.9320835427019251,1.8641670854038501
B0004,72,0.933467046759324,1.866934093518648
B0004,73,0.9383001676437026,1.8766003352874052
B0004,74,0.92722881639573,1.85445763279146
B0004,75,0.9258018995713574,1.8516037991427148
B0004,76,0.9288652294045371,1.8577304588090742
B0004,77,0.9217905044879249,1.8435810089758498
B0004,78,0.9341876097105807,1.8683752194211614
B0004,79,0.9314233941831347,1.8628467883662694
B0004,80,0.9293616209210614,1.858723241842123
B0004,81,0.9237249640029163,1.8474499280058325
B0004,82,0.9283832587604749,1.8567665175209498
B0004,83,0.9296674537468472,1.8593349074936945
B0004,84,0.9256554519119067,1.8513109038238134
B0004,85,0.9202321481751983,1.8404642963503965
B0004,86,0.9109630734422621,1.8219261468845243
B0004,87,0.9265381500198563,1.8530763000397126
B0004,88,0.9179172171415283,1.8358344342830566
B0004,89,0.9142834184385278,1.8285668368770556
B0004,90,0.9243353204798237,1.8486706409596474
B0004,91,0.920319809281999,1.840639618563998
B0004,92,0.9088930376635426,1.8177860753270851
B0004,93,0.9164007761226384,1.8328015522452767
B0004,94,0.9147409162807854,1.8294818325615707
B0004,95,0.9218943258738254,1.8437886517476507
B0004,96,0.9035140863754222,1.8070281727508444
B0004,97,0.9121939753220204,1.8243879506440408
B0004,98,0.9131075521193277,1.8262151042386554
B0004,99,0.9220823151017808,1.8441646302035617
B0004,100,0.9060780014419275,1.812156002883855
B0004,101,0.8940452234053029,1.7880904468106058
B0004,102,0.9030182602816882,1.8060365205633764
B0004,103,0.9125503006064273,1.8251006012128546
B0004,104,0.9153107554294341,1.8306215108588682
B0004,105,0.9203946074959833,1.8407892149919667
B0004,106,0.911593413881783,1.823186827763566
B0004,107,0.9035890857861546,1.8071781715723092
B0004,108,0.9133690531931202,1.8267381063862405
B0004,109,0.9072603825747414,1.8145207651494828
B0004,110,0.9054941212917126,1.8109882425834252
B0004,111,0.9062418025868613,1.8124836051737225
B0004,112,0.9133807909649028,1.8267615819298055
B0004,113,0.8993950420126786,1.7987900840253572
B0004,114,0.8980465603443359,1.7960931206886719
B0004,115,0.9033439656577,1.8066879313154
B0004,116,0.9027503008663691,1.8055006017327382
B0004,117,0.8975554170792465,1.795110834158493
B0004,118,0.8965634122918306,1.7931268245836611
B0004,119,0.903707778075513,1.807415556151026
B0004,120,0.9090255423677608,1.8180510847355216
B0004,121,0.9045904040855911,1.8091808081711822
B0004,122,0.9038293962933307,1.8076587925866614
B0004,123,0.9066902930863951,1.8133805861727903
B0004,124,0.886184666054706,1.772369332109412
B0004,125,0.8885546456030896,1.7771092912061792
B0004,126,0.892920702159752,1.785841404319504
B0004,127,0.8893206596266705,1.778641319253341
B0004,128,0.8900005365292815,1.780001073058563
B0004,129,0.895933401350194,1.791866802700388
B0004,130,0.887014950032343,1.774029900064686
B0004,131,0.8916050918902,1.7832101837804
B0004,132,0.8811776652816201,1.7623553305632402
B0004,133,0.8871736513864615,1.774347302772923
B0004,134,0.9008642299394328,1.8017284598788657
B0004,135,0.8886613044197365,1.777322608839473
B0004,136,0.8934149136261952,1.7868298272523904
B0004,137,0.89519673596428,1.79039347192856
B0004,138,0.887237508740873,1.774475017481746
B0004,139,0.8932414975540124,1.7864829951080248
B0004,140,0.8904184497507233,1.7808368995014465
B0004,141,0.892810540527397,1.785621081054794
B0004,142,0.8840292814632915,1.768058562926583
B0004,143,0.878499670421577,1.756999340843154
B0004,144,0.8804943163043676,1.7609886326087352
B0004,145,0.8827925021774305,1.765585004354861
B0004,146,0.88892692877098,1.77785385754196
B0004,147,0.8837959576413398,1.7675919152826796
B0004,148,0.8820230772674468,1.7640461545348936
B0004,149,0.8827959013105513,1.7655918026211026
B0004,150,0.8900938862290045,1.780187772458009
B0005,1,0.9875626036333992,1.9751252072667984
B0005,2,0.9823537490160931,1.9647074980321861
B0005,3,0.9764669283090796,1.952933856618159
B0005,4,0.9796222898436678,1.9592445796873357
B0005,5,0.9748449866509192,1.9496899733018385
B0005,6,0.9776933241062497,1.9553866482124993
B0005,7,0.971534523390702,1.943069046781404
B0005,8,0.9731469145768078,1.9462938291536156
B0005,9,0.9653560887380686,1.930712177476137
B0005,10,0.9730300801336036,1.9460601602672072
B0005,11,0.9632286387710776,1.9264572775421551
B0005,12,0.9624019705393787,1.9248039410787574
B0005,13,0.9638847785513277,1.9277695571026554
B0005,14,0.9688543052044545,1.937708610408909
B0005,15,0.959578804337627,1.919157608675254
B0005,16,0.9590774922015363,1.9181549844030725
B0005,17,0.9497075510956484,1.8994151021912968
B0005,18,0.9586260928380701,1.9172521856761402
B0005,19,0.9533244127129173,1.9066488254258347
B0005,20,0.9552769214056637,1.9105538428113273
B0005,21,0.9574418784974738,1.9148837569949475
B0005,22,0.9451507948200812,1.8903015896401625
B0005,23,0.948253897177761,1.896507794355522
B0005,24,0.9521230514248561,1.9042461028497122
B0005,25,0.9515672478570792,1.9031344957141585
B0005,26,0.9470951872831099,1.8941903745662199
B0005,27,0.9415450488979362,1.8830900977958724
B0005,28,0.9410276677564923,1.8820553355129845
B0005,29,0.940155143718723,1.880310287437446
B0005,30,0.9422429863927212,1.8844859727854424
B0005,31,0.9420957143907412,1.8841914287814825
B0005,32,0.9400426698651863,1.8800853397303725
B0005,33,0.9389530553169331,1.8779061106338661
B0005,34,0.9386279157602598,1.8772558315205197
B0005,35,0.933916435693768,1.867832871387536
B0005,36,0.9356135072169708,1.8712270144339416
B0005,37,0.9280297910021627,1.8560595820043253
B0005,38,0.9308746621186069,1.8617493242372138
B0005,39,0.9351548182753341,1.8703096365506682
B0005,40,0.9333511548330358,1.8667023096660715
B0005,41,0.9350221207076491,1.8700442414152982
B0005,42,0.9247576764272941,1.8495153528545882
B0005,43,0.931571474715792,1.863142949431584
B0005,44,0.9247632134388493,1.8495264268776985
B0005,45,0.9295168711896281,1.8590337423792562
B0005,46,0.9198528658009595,1.839705731601919
B0005,47,0.9230969128391501,1.8461938256783001
B0005,48,0.9235307253886353,1.8470614507772707
B0005,49,0.9184136387047266,1.8368272774094532
B0005,50,0.9196397963608837,1.8392795927217673
B0005,51,0.9285298120367806,1.8570596240735613
B0005,52,0.9247205062776993,1.8494410125553986
B0005,53,0.9217459012494413,1.8434918024988827
B0005,54,0.9184002790087249,1.8368005580174498
B0005,55,0.9173503774321549,1.8347007548643097
B0005,56,0.9165722409568264,1.8331444819136529
B0005,57,0.9255582181101254,1.8511164362202508
B0005,58,0.9181206713626305,1.836241342725261
B0005,59,0.9181982932671404,1.8363965865342808
B0005,60,0.9136581588595752,1.8273163177191505
B0005,61,0.9145395915059797,1.8290791830119595
B0005,62,0.9153130623635355,1.830626124727071
B0005,63,0.9116264450384779,1.8232528900769558
B0005,64,0.9124894648248293,1.8249789296496586
B0005,65,0.9108715547944893,1.8217431095889787
B0005,66,0.9099702736257349,1.8199405472514698
B0005,67,0.9076996191670296,1.8153992383340591
B0005,68,0.9108365111900942,1.8216730223801885
B0005,69,0.9082221945299465,1.816444389059893
B0005,70,0.910521707802298,1.821043415604596
B0005,71,0.9078122633337836,1.8156245266675672
B0005,72,0.9030254350378587,1.8060508700757174
B0005,73,0.9063936198196754,1.8127872396393507
B0005,74,0.905570060994161,1.811140121988322
B0005,75,0.9073713935005417,1.8147427870010835
B0005,76,0.9037728407117059,1.8075456814234119
B0005,77,0.9037303958406219,1.8074607916812437
B0005,78,0.9059316145934285,1.811863229186857
B0005,79,0.9042066518059443,1.8084133036118886
B0005,80,0.8994944438655674,1.7989888877311349
B0005,81,0.9045546413022778,1.8091092826045556
B0005,82,0.8977685824773887,1.7955371649547773
B0005,83,0.8974460701930974,1.7948921403861948
B0005,84,0.9004366077160613,1.8008732154321225
B0005,85,0.8964208027132547,1.7928416054265095
B0005,86,0.8904627512068825,1.780925502413765
B0005,87,0.894914151813275,1.78982830362655
B0005,88,0.8947789862121512,1.7895579724243025
B0005,89,0.8984769209167311,1.7969538418334623
B0005,90,0.8912885672384064,1.7825771344768129
B0005,91,0.8883592997748833,1.7767185995497665
B0005,92,0.8954615828235586,1.7909231656471172
B0005,93,0.891654902286831,1.783309804573662
B0005,94,0.8933053782365946,1.7866107564731892
B0005,95,0.8893719859990654,1.7787439719981308
B0005,96,0.8888613045188443,1.7777226090376885
B0005,97,0.888245717906774,1.776491435813548
B0005,98,0.8871252677597605,1.774250535519521
B0005,99,0.8843691921825451,1.7687383843650901
B0005,100,0.887773019529158,1.775546039058316
B0005,101,0.8822185844423498,1.7644371688846996
B0005,102,0.880678280312706,1.761356560625412
B0005,103,0.8829865340388099,1.7659730680776198
B0005,104,0.8893122384111116,1.7786244768222232
B0005,105,0.8733226905035603,1.7466453810071205
B0005,106,0.8777682691695129,1.7555365383390258
B0005,107,0.8735467707939648,1.7470935415879296
B0005,108,0.880718626960639,1.761437253921278
B0005,109,0.8773541202197529,1.7547082404395058
B0005,110,0.8728332936035753,1.7456665872071506
B0005,111,0.8803647179102159,1.7607294358204317
B0005,112,0.8731604663524519,1.7463209327049038
B0005,113,0.8836949620078303,1.7673899240156605
B0005,114,0.8774699495158214,1.7549398990316427
B0005,115,0.877176997955948,1.754353995911896
B0005,116,0.8734471522464375,1.746894304492875
B0005,117,0.8764633212854227,1.7529266425708454
B0005,118,0.8739294247319732,1.7478588494639464
B0005,119,0.8679122529863538,1.7358245059727075
B0005,120,0.870280980429892,1.740561960859784
B0005,121,0.8679032115296587,1.7358064230593173
B0005,122,0.8691615946212474,1.7383231892424948
B0005,123,0.867716870951767,1.735433741903534
B0005,124,0.8676512753640712,1.7353025507281423
B0005,125,0.8678611067665147,1.7357222135330295
B0005,126,0.8642628100600925,1.728525620120185
B0005,127,0.8696713225099278,1.7393426450198557
B0005,128,0.8595971003589311,1.7191942007178622
B0005,129,0.8623088374089992,1.7246176748179984
B0005,130,0.8590110378026212,1.7180220756052424
B0005,131,0.8658722288714572,1.7317444577429144
B0005,132,0.8615705092061857,1.7231410184123714
B0005,133,0.8631606149162742,1.7263212298325483
B0005,134,0.8589962969826869,1.7179925939653737
B0005,135,0.862430640149936,1.724861280299872
B0005,136,0.8616771590206251,1.7233543180412503
B0005,137,0.8607675951733615,1.721535190346723
B0005,138,0.862954265562193,1.725908531124386
B0005,139,0.8618919758601705,1.723783951720341
B0005,140,0.8561214380440626,1.7122428760881252
B0005,141,0.8512448520345551,1.7024897040691103
B0005,142,0.8521465253454397,1.7042930506908793
B0005,143,0.8582174800369178,1.7164349600738356
B0005,144,0.8535624732533754,1.7071249465067508
B0005,145,0.8562975543315813,1.7125951086631626
B0005,146,0.8484709471424656,1.6969418942849313
B0005,147,0.8541413482403682,1.7082826964807365
B0005,148,0.8511302750066908,1.7022605500133816
B0005,149,0.8506405549238135,1.701281109847627
B0005,150,0.8491057416765906,1.6982114833531812
B0006,1,0.9920691964862846,1.984138392972569
B0006,2,0.9848626982973258,1.9697253965946515
B0006,3,0.9874537013232472,1.9749074026464943
B0006,4,0.9872354980240715,1.974470996048143
B0006,5,0.9849652987482239,1.9699305974964478
B0006,6,0.979451779630816,1.958903559261632
B0006,7,0.9724533425169866,1.9449066850339731
B0006,8,0.9850687233296207,1.9701374466592414
B0006,9,0.9759547691922035,1.951909538384407
B0006,10,0.9758318637355446,1.9516637274710893
B0006,11,0.9702818305999851,1.9405636611999701
B0006,12,0.9679737752974645,1.935947550594929
B0006,13,0.9714717416139239,1.9429434832278478
B0006,14,0.970971735850545,1.94194347170109
B0006,15,0.9628408009167,1.9256816018334
B0006,16,0.962672748511625,1.92534549702325
B0006,17,0.9607291112549605,1.921458222509921
B0006,18,0.9579578892197242,1.9159157784394485
B0006,19,0.9574694849552335,1.914938969910467
B0006,20,0.9585960865218031,1.9171921730436061
B0006,21,0.9516061293957638,1.9032122587915277
B0006,22,0.9638667402015393,1.9277334804030786
B0006,23,0.9501353368512746,1.9002706737025492
B0006,24,0.952519957197568,1.905039914395136
B0006,25,0.958884849391592,1.917769698783184
B0006,26,0.9500203831940836,1.900040766388167
B0006,27,0.950477856772036,1.900955713544072
B0006,28,0.9513551686260597,1.9027103372521195
B0006,29,0.9539776218147431,1.9079552436294862
B0006,30,0.9438239250584026,1.8876478501168052
B0006,31,0.9511680883816105,1.902336176763221
B0006,32,0.9409396702979788,1.8818793405959575
B0006,33,0.9503828152803139,1.9007656305606278
B0006,34,0.9467254790465972,1.8934509580931944
B0006,35,0.9436638111007765,1.887327622201553
B0006,36,0.939669914778546,1.879339829557092
B0006,37,0.9453115691211798,1.8906231382423595
B0006,38,0.9420383347232958,1.8840766694465916
B0006,39,0.9423109708658736,1.8846219417317471
B0006,40,0.9323908070237555,1.864781614047511
B0006,41,0.9360581307735306,1.8721162615470612
B0006,42,0.9362553767350457,1.8725107534700913
B0006,43,0.9362933182999017,1.8725866365998034
B0006,44,0.9275739976198665,1.855147995239733
B0006,45,0.9267872722112026,1.8535745444224052
B0006,46,0.9333731893487747,1.8667463786975493
B0006,47,0.9293164335931817,1.8586328671863634
B0006,48,0.9306538568116557,1.8613077136233114
B0006,49,0.9250940142769722,1.8501880285539445
B0006,50,0.9285702806333074,1.8571405612666148
B0006,51,0.9242008908498198,1.8484017816996396
B0006,52,0.9223509533495179,1.8447019066990358
B0006,53,0.9215835548379938,1.8431671096759876
B0006,54,0.9260483790581184,1.8520967581162369
B0006,55,0.9182576760809239,1.8365153521618478
B0006,56,0.916955592414574,1.833911184829148
B0006,57,0.9193707974630793,1.8387415949261585
B0006,58,0.9226696603349624,1.845339320669925
B0006,59,0.9231079564878518,1.8462159129757036
B0006,60,0.9224424544218119,1.8448849088436239
B0006,61,0.9226419063043297,1.8452838126086595
B0006,62,0.9166684719737829,1.8333369439475657
B0006,63,0.9162166384827145,1.832433276965429
B0006,64,0.9225364299472478,1.8450728598944957
B0006,65,0.9158437445884249,1.8316874891768498
B0006,66,0.9166622607044465,1.833324521408893
B0006,67,0.911578880361696,1.823157760723392
B0006,68,0.9157274492926836,1.8314548985853671
B0006,69,0.909009861602062,1.818019723204124
B0006,70,0.9109976691519046,1.8219953383038092
B0006,71,0.9109803118662941,1.8219606237325883
B0006,72,0.9103861963477099,1.8207723926954198
B0006,73,0.9125098398715008,1.8250196797430016
B0006,74,0.91239967203252,1.82479934406504
B0006,75,0.9121459409648702,1.8242918819297405
B0006,76,0.908401894944389,1.816803789888778
B0006,77,0.9053582331810652,1.8107164663621305
B0006,78,0.9064920003637974,1.8129840007275948
B0006,79,0.9045335771209435,1.809067154241887
B0006,80,0.9024244800941172,1.8048489601882345
B0006,81,0.9104691318504118,1.8209382637008236
B0006,82,0.8997908696454265,1.799581739290853
B0006,83,0.9057950305413871,1.8115900610827742
B0006,84,0.9009141173875352,1.8018282347750705
B0006,85,0.8956599702078298,1.7913199404156597
B0006,86,0.9083480336988636,1.8166960673977273
B0006,87,0.8990890649662256,1.7981781299324513
B0006,88,0.8959072638565727,1.7918145277131454
B0006,89,0.9072497432886548,1.8144994865773096
B0006,90,0.8973929765767558,1.7947859531535115
B0006,91,0.8981972089383535,1.796394417876707
B0006,92,0.9026602061839155,1.805320412367831
B0006,93,0.8929433537786674,1.7858867075573348
B0006,94,0.8923423458304796,1.784684691660959
B0006,95,0.897634199231494,1.795268398462988
B0006,96,0.8959775942803683,1.7919551885607365
B0006,97,0.8908225295575657,1.7816450591151314
B0006,98,0.8878679932292848,1.7757359864585696
B0006,99,0.8876059567587531,1.7752119135175062
B0006,100,0.8937023023316298,1.7874046046632597
B0006,101,0.8957969719300247,1.7915939438600494
B0006,102,0.8949406560915525,1.789881312183105
B0006,103,0.891575943024234,1.783151886048468
B0006,104,0.8908085296493464,1.7816170592986929
B0006,105,0.8808874883502523,1.7617749767005046
B0006,106,0.8879940221857189,1.7759880443714378
B0006,107,0.8856012123915447,1.7712024247830893
B0006,108,0.8916484638847317,1.7832969277694635
B0006,109,0.8854103007321301,1.7708206014642602
B0006,110,0.8859646683258567,1.7719293366517135
B0006,111,0.8855022964924467,1.7710045929848934
B0006,112,0.8857833138175272,1.7715666276350543
B0006,113,0.8855577665089729,1.7711155330179458
B0006,114,0.8906072325468622,1.7812144650937245
B0006,115,0.8876087815554782,1.7752175631109564
B0006,116,0.8832220390363551,1.7664440780727102
B0006,117,0.8784492843501238,1.7568985687002476
B0006,118,0.8866232085742212,1.7732464171484423
B0006,119,0.8829310268696047,1.7658620537392093
B0006,120,0.8795333650921632,1.7590667301843264
B0006,121,0.8766371666167814,1.7532743332335627
B0006,122,0.8743735591587803,1.7487471183175607
B0006,123,0.880974020096096,1.761948040192192
B0006,124,0.8804514454436911,1.7609028908873823
B0006,125,0.8761896009594056,1.7523792019188111
B0006,126,0.8753682037566232,1.7507364075132463
B0006,127,0.8811623718267978,1.7623247436535956
B0006,128,0.8759978348005325,1.751995669601065
B0006,129,0.8729396611340422,1.7458793222680844
B0006,130,0.8703928454197737,1.7407856908395474
B0006,131,0.8756091978004096,1.7512183956008192
B0006,132,0.874526521634311,1.749053043268622
B0006,133,0.8671409121663908,1.7342818243327816
B0006,134,0.8624409712432707,1.7248819424865414
B0006,135,0.8720288046448236,1.7440576092896471
B0006,136,0.8714016634411679,1.7428033268823357
B0006,137,0.8722076558220907,1.7444153116441814
B0006,138,0.870297150146806,1.740594300293612
B0006,139,0.8608930968139279,1.7217861936278558
B0006,140,0.8704711128485685,1.740942225697137
B0006,141,0.864525597493642,1.729051194987284
B0006,142,0.8705726365094287,1.7411452730188575
B0006,143,0.8657795722883939,1.7315591445767877
B0006,144,0.8627982353912357,1.7255964707824714
B0006,145,0.8593703965569335,1.718740793113867
B0006,146,0.8609249015155104,1.7218498030310208
B0006,147,0.8634426406695456,1.7268852813390911
B0006,148,0.8609301158716441,1.7218602317432883
B0006,149,0.8652619723592514,1.7305239447185028
B0006,150,0.8601315726060624,1.7202631452121249
B0007,1,0.999905701726643,1.999811403453286
B0007,2,1.0,2.0
B0007,3,0.998777808125181,1.997555616250362
B0007,4,0.9976354389391088,1.9952708778782176
B0007,5,0.9926098178124194,1.9852196356248388
B0007,6,0.9965558296558892,1.9931116593117784
B0007,7,0.9941896416554753,1.9883792833109506
B0007,8,0.9897569086583308,1.9795138173166615
B0007,9,0.9915269596541076,1.9830539193082153
B0007,10,0.9873706786628322,1.9747413573256645
B0007,11,0.980943896308184,1.961887792616368
B0007,12,0.9834275637500134,1.9668551275000268
B0007,13,0.9770817745466667,1.9541635490933333
B0007,14,0.98176045039071,1.96352090078142
B0007,15,0.9768771856053352,1.9537543712106704
B0007,16,0.9747837551439857,1.9495675102879715
B0007,17,0.9714712199859045,1.942942439971809
B0007,18,0.976520062072465,1.95304012414493
B0007,19,0.9702139469100818,1.9404278938201636
B0007,20,0.967767238969323,1.935534477938646
B0007,21,0.9665640912044785,1.933128182408957
B0007,22,0.9681938172904447,1.9363876345808895
B0007,23,0.9662009222685115,1.932401844537023
B0007,24,0.9649765466612251,1.9299530933224502
B0007,25,0.9636749539517584,1.9273499079035168
B0007,26,0.9682717621424209,1.9365435242848419
B0007,27,0.9581085573194172,1.9162171146388345
B0007,28,0.9564432368895099,1.9128864737790199
B0007,29,0.9541189160370354,1.9082378320740707
B0007,30,0.957823075876876,1.915646151753752
B0007,31,0.9583638391250404,1.9167276782500808
B0007,32,0.9528278107087739,1.9056556214175477
B0007,33,0.94910225491586,1.89820450983172
B0007,34,0.9479680030266892,1.8959360060533783
B0007,35,0.9519147777478518,1.9038295554957037
B0007,36,0.9510783154528739,1.9021566309057478
B0007,37,0.9492400433757979,1.8984800867515959
B0007,38,0.9439148898177953,1.8878297796355905
B0007,39,0.9459137419855452,1.8918274839710905
B0007,40,0.9444086834537045,1.888817366907409
B0007,41,0.9436705486975984,1.8873410973951967
B0007,42,0.9448555405172961,1.8897110810345923
B0007,43,0.9415374892203036,1.8830749784406071
B0007,44,0.9420589924693206,1.8841179849386411
B0007,45,0.93888846910229,1.87777693820458
B0007,46,0.9386185446198204,1.8772370892396408
B0007,47,0.9387766924890603,1.8775533849781205
B0007,48,0.9305074603522132,1.8610149207044264
B0007,49,0.9334436975647474,1.8668873951294949
B0007,50,0.9319170738637127,1.8638341477274254
B0007,51,0.9303366082804185,1.860673216560837
B0007,52,0.9306111239036883,1.8612222478073766
B0007,53,0.9357742426069129,1.8715484852138258
B0007,54,0.9266066649656263,1.8532133299312525
B0007,55,0.9320058054485768,1.8640116108971536
B0007,56,0.9218436165482168,1.8436872330964336
B0007,57,0.9255682019471625,1.851136403894325
B0007,58,0.9263473240824476,1.8526946481648952
B0007,59,0.9268747755763969,1.8537495511527937
B0007,60,0.9263718273630386,1.8527436547260772
B0007,61,0.9257253610422813,1.8514507220845626
B0007,62,0.9208349823937646,1.8416699647875292
B0007,63,0.919519150464811,1.839038300929622
B0007,64,0.9231851547452191,1.8463703094904382
B0007,65,0.9186310839143765,1.837262167828753
B0007,66,0.913959574565232,1.827919149130464
B0007,67,0.913550317175278,1.827100634350556
B0007,68,0.9133930841053585,1.826786168210717
B0007,69,0.9174144881238401,1.8348289762476802
B0007,70,0.9152915326210509,1.8305830652421018
B0007,71,0.9163057285232247,1.8326114570464493
B0007,72,0.9115416536511172,1.8230833073022343
B0007,73,0.9126937400118655,1.825387480023731
B0007,74,0.9134369697138673,1.8268739394277347
B0007,75,0.9093172281664333,1.8186344563328667
B0007,76,0.9111047297081998,1.8222094594163996
B0007,77,0.906353181888908,1.812706363777816
B0007,78,0.9065247292114412,1.8130494584228825
B0007,79,0.9055968395664239,1.8111936791328478
B0007,80,0.901910819315786,1.803821638631572
B0007,81,0.906893892180362,1.813787784360724
B0007,82,0.9027191513970367,1.8054383027940735
B0007,83,0.9035389137667875,1.807077827533575
B0007,84,0.9043136706538787,1.8086273413077574
B0007,85,0.9033466968423005,1.806693393684601
B0007,86,0.9032603082601013,1.8065206165202026
B0007,87,0.8997651381754355,1.799530276350871
B0007,88,0.8977959688589631,1.7955919377179261
B0007,89,0.8981487364143016,1.7962974728286032
B0007,90,0.8917310856097544,1.783462171219509
B0007,91,0.8917289798368354,1.7834579596736708
B0007,92,0.8913267690735529,1.7826535381471058
B0007,93,0.8916241500122645,1.783248300024529
B0007,94,0.8956425797535654,1.7912851595071309
B0007,95,0.8902834319570462,1.7805668639140924
B0007,96,0.8912865928731812,1.7825731857463625
B0007,97,0.896283156006885,1.79256631201377
B0007,98,0.8897132434086269,1.7794264868172538
B0007,99,0.8926872874160805,1.785374574832161
B0007,100,0.8860661409608946,1.7721322819217893
B0007,101,0.8877742128670361,1.7755484257340721
B0007,102,0.8843719252496189,1.7687438504992379
B0007,103,0.8856760870276255,1.771352174055251
B0007,104,0.8889543115624841,1.7779086231249681
B0007,105,0.8792285753879427,1.7584571507758855
B0007,106,0.8859192746923285,1.771838549384657
B0007,107,0.8844254149791995,1.768850829958399
B0007,108,0.8807281224797143,1.7614562449594287
B0007,109,0.8769625758119902,1.7539251516239804
B0007,110,0.8814245787888922,1.7628491575777845
B0007,111,0.8785301575855728,1.7570603151711457
B0007,112,0.8803704740525614,1.7607409481051228
B0007,113,0.8788347944143928,1.7576695888287857
B0007,114,0.883515740512544,1.767031481025088
B0007,115,0.8763236839166972,1.7526473678333945
B0007,116,0.8728014243972172,1.7456028487944344
B0007,117,0.8761765996541824,1.7523531993083648
B0007,118,0.8755194849647489,1.7510389699294977
B0007,119,0.8786760799261956,1.7573521598523911
B0007,120,0.8760606927062323,1.7521213854124646
B0007,121,0.8736054128701434,1.7472108257402867
B0007,122,0.8766513514409471,1.7533027028818942
B0007,123,0.8666529578041426,1.7333059156082853
B0007,124,0.8677661165337833,1.7355322330675667
B0007,125,0.8659791461371568,1.7319582922743135
B0007,126,0.8670517161726491,1.7341034323452982
B0007,127,0.8628368353419767,1.7256736706839535
B0007,128,0.8690310780148646,1.7380621560297291
B0007,129,0.8652675335999468,1.7305350671998936
B0007,130,0.8601470522160638,1.7202941044321276
B0007,131,0.8609412041197558,1.7218824082395117
B0007,132,0.8647693347468569,1.7295386694937138
B0007,133,0.8658060867257232,1.7316121734514465
B0007,134,0.8690442243911823,1.7380884487823647
B0007,135,0.8714451020735196,1.742890204147039
B0007,136,0.8619882584026298,1.7239765168052597
B0007,137,0.8563346396139506,1.7126692792279012
B0007,138,0.8515892896747967,1.7031785793495935
B0007,139,0.8591395789924354,1.7182791579848709
B0007,140,0.8546105873032526,1.7092211746065051
B0007,141,0.8552132093738549,1.7104264187477098
B0007,142,0.853753818956468,1.707507637912936
B0007,143,0.8546139494712786,1.7092278989425571
B0007,144,0.8580276016777106,1.7160552033554213
B0007,145,0.8540986890761212,1.7081973781522424
B0007,146,0.8522296687682045,1.704459337536409
B0007,147,0.8484131063179865,1.696826212635973
B0007,148,0.8454233643376802,1.6908467286753603
B0007,149,0.8487771159870424,1.6975542319740848
B0007,150,0.8495081751535845,1.699016350307169
B0008,1,1.0,2.0
B0008,2,0.9985240936237576,1.9970481872475152
B0008,3,0.989731495719341,1.979462991438682
B0008,4,0.997461700324442,1.994923400648884
B0008,5,0.9838400605535712,1.9676801211071424
B0008,6,0.9928651182649945,1.985730236529989
B0008,7,0.9919400068791979,1.9838800137583958
B0008,8,1.0,2.0
B0008,9,0.9953636668854476,1.9907273337708953
B0008,10,0.9923985517210883,1.9847971034421765
B0008,11,0.9883397971376585,1.976679594275317
B0008,12,0.982151654015939,1.964303308031878
B0008,13,0.980324529631836,1.960649059263672
B0008,14,0.9772093161320654,1.9544186322641308
B0008,15,0.9843419509825818,1.9686839019651636
B0008,16,0.9866228282564196,1.9732456565128391
B0008,17,0.9745234850057184,1.9490469700114368
B0008,18,0.9746639770747034,1.9493279541494068
B0008,19,0.9785246544208308,1.9570493088416616
B0008,20,0.9818831472688789,1.9637662945377579
B0008,21,0.9811461967561165,1.962292393512233
B0008,22,0.9842158138593142,1.9684316277186285
B0008,23,0.9738217051222254,1.9476434102444509
B0008,24,0.9730959746559792,1.9461919493119584
B0008,25,0.9750772860842236,1.9501545721684472
B0008,26,0.9615630233891795,1.923126046778359
B0008,27,0.970309884579535,1.94061976915907
B0008,28,0.964914396652598,1.929828793305196
B0008,29,0.9689088237040718,1.9378176474081437
B0008,30,0.9618992648726155,1.923798529745231
B0008,31,0.9616477069646943,1.9232954139293885
B0008,32,0.9564910280070562,1.9129820560141124
B0008,33,0.9670040863154798,1.9340081726309597
B0008,34,0.9630185701901545,1.926037140380309
B0008,35,0.9620451698410238,1.9240903396820477
B0008,36,0.9518278001724286,1.9036556003448573
B0008,37,0.9559872132014516,1.9119744264029033
B0008,38,0.9629557278549983,1.9259114557099966
B0008,39,0.9643857229366706,1.9287714458733412
B0008,40,0.9591836191165937,1.9183672382331873
B0008,41,0.9498980018762914,1.8997960037525827
B0008,42,0.9573135759881982,1.9146271519763964
B0008,43,0.9576866312428364,1.9153732624856727
B0008,44,0.9471252259694497,1.8942504519388994
B0008,45,0.9490884778263148,1.8981769556526296
B0008,46,0.9522445030087796,1.9044890060175592
B0008,47,0.9557166667655471,1.9114333335310942
B0008,48,0.9481594720257349,1.8963189440514698
B0008,49,0.9370056379132711,1.8740112758265421
B0008,50,0.9441286400810793,1.8882572801621587
B0008,51,0.9509339424093846,1.9018678848187691
B0008,52,0.9430834724709701,1.8861669449419403
B0008,53,0.9410031526763852,1.8820063053527705
B0008,54,0.9387893986747378,1.8775787973494755
B0008,55,0.9394778438700255,1.878955687740051
B0008,56,0.9397781693363362,1.8795563386726724
B0008,57,0.9433354735707192,1.8866709471414385
B0008,58,0.9312509197748214,1.8625018395496429
B0008,59,0.9306008371855125,1.861201674371025
B0008,60,0.9292776127518451,1.8585552255036901
B0008,61,0.9402041658773355,1.880408331754671
B0008,62,0.9372562916487552,1.8745125832975105
B0008,63,0.9314002453373623,1.8628004906747246
B0008,64,0.9433096559666414,1.8866193119332828
B0008,65,0.9424522261512549,1.8849044523025098
B0008,66,0.9396105122321846,1.8792210244643692
B0008,67,0.9353916251495655,1.870783250299131
B0008,68,0.9229270348337624,1.8458540696675247
B0008,69,0.93830346108091,1.87660692216182
B0008,70,0.9370414123280062,1.8740828246560124
B0008,71,0.9289776515059415,1.857955303011883
B0008,72,0.9245331532458705,1.849066306491741
B0008,73,0.9361141596701478,1.8722283193402955
B0008,74,0.9296937118341381,1.8593874236682761
B0008,75,0.9404037543361184,1.880807508672237
B0008,76,0.9218855620700946,1.8437711241401893
B0008,77,0.9260297315148955,1.852059463029791
B0008,78,0.9259305627650893,1.8518611255301787
B0008,79,0.9253084293885174,1.8506168587770349
B0008,80,0.9243377378207283,1.8486754756414565
B0008,81,0.923415047537182,1.846830095074364
B0008,82,0.9204431652780418,1.8408863305560836
B0008,83,0.9060106966371043,1.8120213932742086
B0008,84,0.9238359285701104,1.8476718571402209
B0008,85,0.9252126945983739,1.8504253891967477
B0008,86,0.9240442322227802,1.8480884644455604
B0008,87,0.9153420174925655,1.830684034985131
B0008,88,0.925534265062354,1.851068530124708
B0008,89,0.933432315479541,1.866864630959082
B0008,90,0.927996563122345,1.85599312624469
B0008,91,0.9116461932313352,1.8232923864626704
B0008,92,0.9160653545602652,1.8321307091205303
B0008,93,0.913659281278745,1.82731856255749
B0008,94,0.9222445935200393,1.8444891870400786
B0008,95,0.9167669679902805,1.833533935980561
B0008,96,0.9160684002496965,1.832136800499393
B0008,97,0.9241121204489552,1.8482242408979104
B0008,98,0.9205448071729783,1.8410896143459565
B0008,99,0.9137579316594479,1.8275158633188957
B0008,100,0.9222392021494595,1.844478404298919
B0008,101,0.9061465758969676,1.8122931517939351
B0008,102,0.9194407207588472,1.8388814415176944
B0008,103,0.9047375301914072,1.8094750603828145
B0008,104,0.9222689602082079,1.8445379204164158
B0008,105,0.9137140480352857,1.8274280960705713
B0008,106,0.9076013954015058,1.8152027908030115
B0008,107,0.9079359830339713,1.8158719660679425
B0008,108,0.9038172982128687,1.8076345964257374
B0008,109,0.9060267955242769,1.8120535910485538
B0008,110,0.9097272831521311,1.8194545663042623
B0008,111,0.9044416530996762,1.8088833061993523
B0008,112,0.910757498174945,1.82151499634989
B0008,113,0.9054930024022926,1.8109860048045852
B0008,114,0.9008283919134781,1.8016567838269562
B0008,115,0.9064656300609897,1.8129312601219794
B0008,116,0.899015285476292,1.798030570952584
B0008,117,0.8985074743343122,1.7970149486686244
B0008,118,0.8916476378190545,1.783295275638109
B0008,119,0.904584444266558,1.809168888533116
B0008,120,0.8893555098132583,1.7787110196265166
B0008,121,0.912821038513858,1.825642077027716
B0008,122,0.8994590913674813,1.7989181827349625
B0008,123,0.9047837556084949,1.8095675112169898
B0008,124,0.908192218984084,1.816384437968168
B0008,125,0.8960854242752365,1.792170848550473
B0008,126,0.8994576016633831,1.7989152033267661
B0008,127,0.8879429485902298,1.7758858971804596
B0008,128,0.89576013104951,1.79152026209902
B0008,129,0.9067772888472959,1.8135545776945918
B0008,130,0.8924056857919123,1.7848113715838245
B0008,131,0.8928593813684017,1.7857187627368034
B0008,132,0.8980289654942267,1.7960579309884535
B0008,133,0.8839249033527742,1.7678498067055484
B0008,134,0.8906606245297577,1.7813212490595154
B0008,135,0.8920250227400068,1.7840500454800137
B0008,136,0.901351569735359,1.802703139470718
B0008,137,0.892088172928443,1.784176345856886
B0008,138,0.9016773159144275,1.803354631828855
B0008,139,0.8885077566425431,1.7770155132850862
B0008,140,0.8938746437485932,1.7877492874971863
B0008,141,0.8882907890457135,1.776581578091427
B0008,142,0.8947001549228135,1.789400309845627
B0008,143,0.8849597746136412,1.7699195492272823
B0008,144,0.8790003972912046,1.7580007945824092
B0008,145,0.888540997594777,1.777081995189554
B0008,146,0.8816048471694359,1.7632096943388718
B0008,147,0.8816826456320142,1.7633652912640283
B0008,148,0.888775076175549,1.777550152351098
B0008,149,0.8763489294454991,1.7526978588909983
B0008,150,0.8749775523651218,1.7499551047302435
